competitor,category,priority,feature_name,marketing_claim_summary,literal_description,relevance_to_mhc,last_updated
Personify Health,direct,primary,PercyIQ Intelligence Engine,"Human-centered AI engine blending behavioral science and predictive analytics to personalize member experience and deliver smarter decision support","Proactive + reactive recommendation engine powering personalized plans (MyFocus) and GenAI search using engagement history and wearable data","High threat — same employer/member audience with overlapping AI coaching and personalization use cases. Lacks MHC's condition-specific depth and MI methodology.",2026-02-21
Personify Health,direct,primary,GenAI Search,"Helps members discover benefits and content using natural language queries","Reactive search: user types natural language query; system retrieves and ranks relevant programs and benefits using generative AI","Low direct threat to coaching; benefits discovery UX pattern worth watching",2026-02-21
Personify Health,direct,primary,AI Support Agent,"Fully automated AI agent for member service that accurately identifies intents and delivers responses","Automated chat support (built on Cognigy): classifies intent; retrieves answers from help center; routes to human if needed","Operational automation — not relevant to MHC's coaching AI differentiation",2026-02-21
Personify Health,direct,primary,AI-Assisted Coaching Insights,"AI-generated insight reports give coaches actionable data to drive population health outcomes","Coach-facing: generates individual and population health insight reports for human coaches; B2B admin side only","Notable as AI-augmented human coaching architecture — an alternative to fully automated AI coaching",2026-02-21
Evive (bswift),direct,primary,Emma EnrollPro,"Personalized AI benefits decision support based on each employee's unique health profile","Reactive enrollment flow: user answers health questions; AI scores and ranks benefit plan options; presents personalized recommendation","Not a direct competitor to MHC's coaching — benefits enrollment context",2026-02-21
Evive (bswift),direct,primary,Emma Chat,"24/7 AI assistant to answer employee benefit and HR questions","Reactive chat: user asks benefit/HR question; AI retrieves from knowledge base; escalates to human if needed","Benefits navigation chat — low relevance to MHC's health coaching",2026-02-21
Evive (bswift),direct,primary,Predictive Personalization Engine,"Delivers the right benefit message at the right time using predictive analytics and behavioral science","Proactive multi-channel outreach: scores members via claims/life events/behavior; selects relevant benefit action; delivers via email/SMS/push","Moderate — proactive engagement model overlaps with MHC's Challenge AI Coach. Evive uses claims/events; MHC uses wearable data.",2026-02-21
Sharecare,direct,primary,AskMD,"AI-enabled health navigation and decision support for 75M+ users","Reactive: user asks health question; system retrieves evidence-based info and routes to appropriate care or benefit","Low-to-moderate threat — health navigation not condition-specific coaching. MHC's condition depth and MI methodology differentiate clearly.",2026-02-21
Sharecare,direct,primary,AI Assistant (Video-Based),"Personalized video health content generated based on patient topic preferences and challenges","Reactive: user picks topic/challenge/language/length; algorithm generates personalized medically-reviewed video","Pharma/life-sciences product — not relevant to MHC's employer wellbeing position",2026-02-21
Thrive Global / Thrive AI Health,direct,primary,Thrive AI Health Coach,"Hyper-personalized AI health coach democratizing expert-level coaching for chronic disease prevention","Both: daily proactive Microstep nudges + reactive 24/7 chat. Uses motivational interviewing. Integrates wearable data. Powered by OpenAI/GPT.","High threat — same MI methodology, same conversational modality, same wearable integration. MHC differentiates via condition-specificity, domain-specific agents, crisis routing, clinical RAG. Currently early stage.",2026-02-21
Thrive Global / Thrive AI Health,direct,primary,Microstep Nudges (Thrive Platform),"AI-enabled daily behavior change nudges scaling healthy habits across the workforce","Proactive: daily Microstep push notifications; system tracks completion and adapts recommendation sequence","Lower threat — habit tracker not clinical care path",2026-02-21
Grokker,direct,primary,GrokkyAI — Conversational Benefits Agent,"Conversational AI guiding employees to the right wellbeing resource and maximizing benefits ROI","Reactive: user types wellness query; AI routes to lowest-acuity resource (Grokker video first; then care plan/benefits). 10K questions handled in first 6 months.","Low-to-moderate threat — content recommender with chat front-end not true conversational coaching. Proactive biometric nudges are roadmap only.",2026-02-21
Hinge Health,dtx,secondary,Robin — AI Care Assistant,"24/7 AI care assistant providing pain flare triage and real-time care team communication","Both: proactive check-in during pain flare; reactive Q&A. Collects pain context; summarizes for PT; shares resources. 92% positive member rating.","High threat for MHC's MSK DCP. Scales PT coverage at near-zero marginal cost. MHC differentiates on motivation/engagement vs. triage; breadth of conditions.",2026-02-21
Hinge Health,dtx,secondary,TrueMotion — Computer Vision Motion Tracking,"Computer vision capturing joint angles/symmetry/endurance with real-time form feedback during exercise","Reactive: member exercises in front of phone camera; AI tracks movement in real time; generates form feedback and Hinge Score","Significant clinical moat MHC lacks for MSK. Real-time objective movement data vs. MHC's self-reported assessments.",2026-02-21
Hinge Health,dtx,secondary,Enso 3 — AI-Tuned Pain Relief Device,"FDA-cleared wireless device delivering electrical nerve stimulation with AI-customized waveforms updated OTA","Reactive: member selects body part/pain level in app; AI selects waveform; delivers stimulation; OTA updates add new waveforms","Hardware moat MHC cannot match. Key differentiator in Hinge Health's payer and employer sales story.",2026-02-21
Sword Health,dtx,secondary,Phoenix — AI Care Specialist (MSK),"World's first AI care specialist — conversational AI running real-time PT sessions with computer vision feedback","Both: reactive to verbal feedback; proactively adjusts session difficulty/duration. Camera tracks movement; Phoenix gives real-time feedback; post-session summary sent to clinician.","High threat for MSK DCP. Sophisticated computer vision + conversation + clinician oversight model. Hardware dependency (Sword Pad) is a barrier vs MHC's phone-based approach.",2026-02-21
Sword Health,dtx,secondary,Phoenix — AI Therapist (Mental Health / Mind),"Highly personalized AI care agent for mental health combining AI and licensed clinicians","Reactive + proactive (M-band triggered): conversational AI therapist; incorporates physiological wearable context; escalates to licensed clinicians","Moderate-to-High threat for MHC's behavioral health DCPs. Newer (June 2025) but well-funded ($4B valuation).",2026-02-21
Sword Health,dtx,secondary,M-band — Mental Health Wearable,"Proprietary wearable capturing physiological context to detect early indicators of depression and anxiety","Proactive: passive continuous sensing; detects physiological depression/anxiety signals; triggers proactive outreach","MHC uses consumer wearables for activity/sleep only. M-band's mental health detection is a meaningful gap for MHC's behavioral health DCP.",2026-02-21
Headspace,dtx,secondary,Ebb — AI Mental Health Companion,"Empathetic AI companion trained in motivational interviewing helping people navigate emotional challenges","Reactive + proactive check-ins. Text and voice mode. MI-style dialogue; recommends personalized Headspace content; crisis routing to 988; conversation memory across sessions. 7M+ messages; 2000+ employers.","High threat for MHC's behavioral health DCPs. Same MI methodology, same safety architecture, at scale. MHC differentiates on structured care path and condition-specific clinical grounding.",2026-02-21
Headspace,dtx,secondary,Stratified Care Model,"AI-powered routing from AI companion to human coach to licensed therapist based on acuity","Proactive: Ebb detects elevated acuity signals; prompts escalation to human coach or licensed therapist","MHC has crisis routing but not full stratified care model. Headspace's tiered architecture is a strong clinical framework worth considering for MHC's DCP AI Coach roadmap.",2026-02-21
Oura,consumer,primary,Oura Advisor — AI Health Companion,"AI-powered health companion transforming wearable data into actionable personalized guidance","Both: reactive to questions; proactive invitations from daily insight cards. Conversational LLM with chart visualization; accesses full Oura biometric history; conversation memory.","Moderate threat to MHC's Health Insights. Both generate personalized daily summaries from wearable data. Oura is more interactive (full chat + charts + memory); MHC is currently a daily push summary.",2026-02-21
Oura,consumer,primary,Meals + Glucose (Metabolic AI),"Metabolic health tracking combining meal logging with CGM glucose data and AI nutritional coaching","Both reactive and proactive. Ingests CGM (Stelo/Dexcom) + meal logs; Advisor provides personalized dietary guidance.","Watch for MHC's diabetes DCP — Oura's CGM+AI combination competes if Oura expands employer channel.",2026-02-21
Fitbit (Google),consumer,primary,Personal Health Coach (Gemini),"Fitness trainer sleep coach and wellness advisor all in one — 24/7 personal health coach on your wrist","Both: proactive daily insights/sleep summaries + reactive conversational Q&A. Gemini interprets physiological data (sleep HR activity readiness); builds dynamic multi-week training plans; adjusts via feedback.","Moderate threat to Health Insights — most direct consumer wearable AI coach. Ahead on plan generation and conversational depth. No employer channel or clinical grounding.",2026-02-21
Fitbit (Google),consumer,primary,Daily Readiness Score,"Understand how ready your body is for exercise or recovery based on HRV sleep and activity","Proactive: ML model scores recovery each morning using HRV resting HR sleep quality and recent activity strain","Low direct threat — readiness scoring pattern MHC should follow for Health Insights UX",2026-02-21
Fitbit (Google),consumer,primary,Irregular Heart Rhythm Notifications,"Identifies signs of AFib while inactive or asleep","Proactive: FDA-cleared PPG algorithm classifies heart rhythm during inactivity; flags irregular rhythm; notifies user","Not competitive to MHC coaching — clinical detection feature MHC does not offer",2026-02-21
Apple Health,consumer,primary,Health+ AI Coaching Service (Planned 2026),"AI-powered digital coach analyzing Watch/iPhone data for tailored nutrition exercise and chronic disease management","Not yet launched. Will combine cross-device data correlation (Watch + iPhone + sensors); AI coaching via redesigned Siri; expert video content; camera-based workout form feedback.","High strategic threat if launched — Apple's cross-device data moat unmatched. But consumer/subscription-only; no employer channel or clinical care paths. Monitor WWDC 2026.",2026-02-21
Apple Health,consumer,primary,Apple Watch ML Health Features,"Ultimate health companion with AFib detection crash detection sleep staging VO2 max cycle predictions","Proactive: on-device ML classifies heart rhythm (AFib) impact events (crash/fall) sleep stages cardiorespiratory fitness (VO2 max) menstrual cycle patterns","Not directly competitive — sensor/detection layer. MHC's value is the coaching/behavior change layer on top of this data.",2026-02-21
Google Fit / Google Health,consumer,primary,Google Fit Consolidation,"Health features consolidated into Fitbit app and Pixel Watch ecosystem; Google Fit effectively deprecated","Google Fit app receives no feature updates; health data routing shifted to Health Connect (Android API) and Fitbit app","Google's health AI strategy is hardware-bound (Fitbit/Pixel Watch) — limits reach vs. MHC's device-agnostic approach. Health Connect is potential Android integration pathway.",2026-02-21
Google Fit / Google Health,consumer,primary,Gemini on Pixel Watch,"First smartwatch to support Gemini — powerful AI assistant on your wrist","Reactive: user raises wrist or taps; speaks/types health questions; Gemini processes with Fitbit health data context","Sets new UX bar for voice-based health AI on wrist. MHC has no watch-native interface. Monitor but not immediate competitive threat in B2B2C channel.",2026-02-21
ChatGPT Health (OpenAI),foundation-model,primary,ChatGPT Health Tab,"Securely brings health information and ChatGPT intelligence together to feel more informed prepared and confident navigating health","Reactive: user opens Health tab; types questions; connects Apple Health (movement/sleep/activity) medical records (HealthEx) lab results (Function) wellness apps. 230M weekly health users; 40M queries/day.","High strategic threat by scale — largest AI health platform. But reactive-only no proactive coaching; generalist not condition-specific; no employer channel. Normalizes consumer health AI expectations.",2026-02-21
ChatGPT Health (OpenAI),foundation-model,primary,OpenAI Healthcare API,"Developers can embed AI directly into healthcare systems and workflows with HIPAA-compliant deployment","API: GPT-5.2 and other models; HIPAA-compliant via BAA; thousands of healthcare orgs building (Abridge Ambience EliseAI). No dedicated Health API — standard API with BAA.","MHC can access OpenAI API with HIPAA BAA. No separate health API; consumer Health features not available via API. Standard LLM capability; MHC would build own health architecture on top.",2026-02-21
Claude Health (Anthropic),foundation-model,primary,Claude for Healthcare Platform,"HIPAA-ready tools for healthcare providers payers and health tech startups with native medical database integrations","Enterprise: Claude API with healthcare connectors (CMS ICD-10 NPI PubMed FHIR); HIPAA via BAA on AWS/GCP/Azure; partners include AstraZeneca Banner Health Flatiron Veeva.","Enterprise platform not consumer product. MHC fits target customer profile. Healthcare-specific connectors (FHIR ICD-10 PubMed) more relevant to MHC's clinical grounding than generic API.",2026-02-21
Claude Health (Anthropic),foundation-model,primary,Claude Personal Health Integrations,"Connect medical records and wellness apps to Claude for personalized health conversations","Consumer: HealthEx (patient portals) Function Health (labs) Apple Health and Android Health Connect (beta) for Pro/Max subscribers. Privacy by design; explicit opt-in.","Mixed — consumer features create general-purpose health AI members might use alongside employer platforms. Same accuracy concerns as ChatGPT (doctors dispute AI health grades).",2026-02-21
Hippocratic AI,dtx,secondary,Polaris Constellation Architecture,"Novel constellation of 22+ specialized LLMs totaling 4.2T parameters that cross-check outputs for clinical safety; outperformed GPT-4 on 105 of 114 healthcare exams","Underlying engine: primary conversational LLM generates responses; 22+ specialist models evaluate output in real time for medical accuracy and safety; consensus mechanism determines final output; escalates to human if confidence thresholds not met","Low direct threat — different safety architecture approach than MHC's RAG-based domain agents. Relevant as potential licensing opportunity for competing wellbeing platforms.",2026-02-25
Hippocratic AI,dtx,secondary,AI Healthcare Agents (Voice/SMS/Email),"AI agent workforce for patient-facing non-diagnostic tasks at $9/hr — chronic care management post-discharge follow-up care gap closure vaccination outreach; 115M+ interactions claimed","Proactive: autonomous outbound phone calls SMS and email; conducts structured clinical conversations; documents for CMS billing; empathy inference; multi-language; escalates to human clinicians","Low-to-moderate indirect threat — different buyer (clinical ops vs HR/benefits) and modality (phone calls vs in-app). Monitor payer convergence for chronic disease overlap with MHC DCPs.",2026-02-25
Hippocratic AI,dtx,secondary,AI Agent App Store,"Marketplace where licensed clinicians build and publish custom AI agents for clinical workflows in under 30 minutes; revenue sharing with clinician creators","No-code builder for clinicians to configure agents with clinical protocols and escalation rules; Polaris safety layer applied; distributed as phone/SMS/email agents","Low direct threat — agent creation platform could accelerate coverage of conditions MHC covers (MSK behavioral health diabetes) via crowdsourced development. Monitor as scaling mechanism.",2026-02-25
